screen_name,isBot
koftecancaddy,No
ahaber,No
selahat03949652,No
erdin06357062,No
bhct__necatii,No
ismailparlik,No
meralsahinerr,No
emelylmz54,Yes
knl20440051,No
huseyinorhan027,No
karakuskamil,No
yusufahlatci,No
ouzhanzgr10,No
nur53361887,Yes
atamatam1907,Yes
okayy_next,No
akittv,No
aliumutttt,No
aliz23590695,No
mmsarcan1,No
kdkadin,No
cakirbeylisef,No
benmelihae,No
officialmrdeen,No
haliloglu6155i,No
ozlemsi13297891,Yes
abdulla75459019,Yes
seher_2021,Yes
delpieroiso,No
muhammed_hanifi,No
cengizbastepe,No
mellyjunior25,No
leylademirbas28,No
sakobey1244,No
uchara8,Yes
evahamamci28,No
sulenurkcglu,No
sugaryheavenq,No
yazerdalim,No
ecrsert,Yes
ambrosia__25,No
bk_erzurum,No
ayse07065428,No
dalk_er,Yes
sende_durma,No
gidamuh_n,No
muhamme75857065,No
asimbalci,No
lutfusahsuvar,No
erkanyasar6,No
mirmirik,No
myasarasik64,No
gundemeksi,No
ekremzaydn1,Yes
yanlisbiradam,No
alisisman46,No
afyonhabercom,No
selimehenden,Yes
canitti,No
akkadinyenimah,No
aslanarenasi,Yes
doruyad_doru444,No
popgek,No
barankorunlu1,No
kirsalsol,No
nedimsener2010,No
lumbeliii,Yes
davutberker,No
rahatsizabi,No
bednaz3,No
aslantaraftar,Yes
ranagokyildiz,No
kookieflux,No
tommyacar,No
tc_erdal1907,No
__cinar1__,No
yusuftedik2,No
hakankaraa10,No
salihhserterr,No
jeolog171,Yes
tofigh28,No
kadriakyz12,No
glcan78057988,No
kaplanturk3333,No
otto_man_1299,No
atakeroksar,No
_brkkbthnn,Yes
szgncolak,No
dalgfethullah,No
ertekin87908706,No
resulgencer69,No
zendazenda24,No
ddaamlla0,No
twitoblomov,No
tolgahankursat,Yes
sibel44254766,No
ilbilgehatun28,No
metin3630,Yes
senathese,No
sergiolachinni,No
ohcaarla,No
mahmutscihangir,No
diiaraksmn,No
zeyzey0412,No
umutsacan34,No
dr_ayhankoc,No
oskhy_,No
hasandmr45,Yes
salihbaskaya20,No
akkadintorbali,No
cengiz_agus,No
dede62_,No
antikureselci35,No
mansetx,No
zd_izmir_tr,No
ayse_nursevinc,No
ameloblaston,No
tusonics,Yes
ozkan_dk,No
ahmetyenilmez,No
uguurisleyen,No
aktuelkonya,Yes
itskein808,No
tarhanmeltem,No
mmaksoy6940,No
ayhaner84917039,No
erolkavuncu,No
akansiray,No
sadekul610,No
02kaseron,No
ercanosmann,No
sehrazathanim,No
mnferitfenerba1,No
esimtoros,No
ozer_dolekoglu,No
subasaycaezgi,No
atanamayan1903,Yes
1eavemea1onee,Yes
mehmetk48060647,No
ugur_199108,No
fatih67253887,No
av_mikailyilmaz,No
alucrazafer,Yes
aliozmen32,No
ayyildizhalil64,Yes
juanmatgna,No
ikbalkoray,No
furkant81463861,No
akmal_raoo,No
oktemsuzan34,No
thevenomdeniz,No
umitmnz,No
besteyylmz,Yes
serkansiro,No
cacalidecoco,No
lknurkaleliolu1,No
turkan00943127,No
darklanaa,No
luckyladybird15,No
alpha__57,Yes
pambikpiremses_,No
hseyine60186885,No
sureyyacok,No
hernandezmehmet,No
sinankabatepe,No
newstimestr,No
dilaa_eroglu,No
kan_gaarden,No
rte_ak_rte,No
arnavutt01,No
lullabydealer,No
mertmozel,No
zm_fatmaaydin,No
kaaeeya,No
edebiatolye,No
mtnbykra,No
necati30850399,Yes
smilescast,No
hasanegaga,No
tutum_koksal,No
erlkrt1965,No
emredanisan2,No
turkgungazetesi,No
yargicmorticia,No
gidleturkiye,No
sussanabirazck,No
rdbarkie,No
aslankarahan19,Yes
selambenburak_,No
gul_fid,No
arbo62746992,No
flexin31,No
yasirsarica60,No
ahmt_clk0,No
anka6054,No
sezar56581899,Yes
assabiyim35,Yes
serokap2172,No
esstelle17,No
osmangn03725532,No
labteknikeri12,Yes
flz45769512,No
cakman4,No
nihathayyhuyyuh,No
ismihanisik,No
chrysantemom,No
tugbakozguler,No
utopikmeyve,No
laborant22atama,Yes
esra_esmera,No
efraim_ocal,No
iyihisleer,No
perhapsinyo,No
recepergun_math,No
senazikde,No
ezo_mizahci,No
politteallison,No
keremors21,No
tuba_fen,No
sadettinkacmaz,Yes
gaziantepolusum,No
beyzamie,No
zuhalincisahne,No
nezom122,No
sude82944426,Yes
sanliurfaobm,No
vedat94698196,Yes
serdarsoylu_,No
hasanfirat002,No
possesseddw,No
yuzer_selcen,Yes
ak_pazarcik,No
halil67739971,Yes
aytulkrbg1907,No
mahir_mdl,No
ocak061,No
laxmang22587798,Yes
ddft123,No
diskamu,No
abdulla86143458,No
mrangndz11,No
kvlali,Yes
harleyq57617600,No
hulyaa_1905,No
baksimdinlebeni,No
scktodayy,No
ahmetyuceturk1,No
ebubekirsemerci,No
gulcan_zumrut,No
baltal_zeynep,No
esraalak0,No
alicemkarakaya1,No
ersoyharun_,No
ssananeabi,No
arslanturkcak,No
35izmirnr,Yes
yorumkoyucu,No
yamur94780529,No
kirikkale24,No
erim_asaf,Yes
figenyerlidag,No
bindalliasra,No
mmichaelhan,No
twitturkiyem,No
neclakrbg,No
miyase_miyasee,Yes
koreografi,No
herbokoloji43,No
thesnndvn,No
atama44,Yes
pasific34,No
hsk55,Yes
umitozdag,No
cirk_n,No
yargici5023,Yes
dursunalitrkz6,No
gokcenn7,No
disiaslan64,No
merveliminan,No
s_n_f_c_n_z,No
halilbr68020529,No
isthisdeniz,No
sngpt_,Yes
esrabngl32,Yes
balsaraahmet,No
elbizlim08,No
yaskosays,No
mitolojininsesi,No
cantor72694809,No
icsebear,No
leylayel2022,No
sozogretmenler,No
afsinkarabacak1,No
metin_yaman_55,No
fatihhhanedar,No
sarpfy,No
mustafa38317654,No
rdtrafikyolda,No
kaplan44171,No
ririadventure,No
zaferaras81,Yes
demirel10kasm,No
zeynoiil,No
iyihaber34,No
ctkserhat,Yes
zcannazl4,No
sabo1905,No
ak_ibrahim,No
sinancetinkaya,No
hilal_neva_,Yes
yusuf_kalyoncuo,Yes
opdrmehtapcicek,No
faattmmaa123,Yes
esraaadumaaan,No
thexnyx,No
yusuftari6,No
nur825825,Yes
tuncertroisdorf,No
georges_politzr,No
ersinbag007,No
gazetesihatay,No
esilaysf,Yes
ataharekat,No
boybt57,Yes
haticez90072952,Yes
ylcnyzbsgl,No
lamiyaaaa,No
hly_gkdm,Yes
bay_g_d,No
fatihaltun08,No
ercancon,Yes
cengiztomar,No
valbonasarca,No
muzafferzdemr12,No
deniz68151507,No
piktesekadrooo,Yes
batkal,No
fikritasdelen93,No
hanimiscicimis,No
aadem067,Yes
kerim_kelen,No
eneyzii,No
antonyo_vivaldi,No
myg4pjm,No
nisapmyoyolcusu,Yes
ismail198763,No
ademolcek,No
nereli67373064,No
escan_ogretmen,Yes
celikk1966,No
buharali45,No
_______duygu,Yes
mehmetkayaa38,No
canannkoc1,No
cenginyurt52,No
ozlmugn,No
yasardereli,No
serefbeksen,No
kadracikgoz27,No
krtkulturtv,No
regularshowtr1,No
narslan2023,Yes
men0461,Yes
hamitsoylu19,No
aysegulaslan0,No
digkdemsu,No
geliyorjet,No
nalanyardmc8,Yes
pazarrveertesii,No
emel69753589,Yes
mercikeyy,No
drasafguven,No
averdalaydemir,No
haoylemity,No
sonay_seker,No
yasafener_1907,No
elcinarabaci,No
zvz12seco,Yes
boyyakup,No
alitombas_,No
avbakirlioglu,No
thenexthero2,No
mehmet1dogan,No
tugcce7,No
husrevisyannov,No
biremade,No
akustiktravvma,No
kubra_tutan27,No
muratozbudak24,No
cemdemirol,No
beyazgazete,No
nadirbeey,No
filtrek67132448,No
hulya_ozdag,No
osmanvu76392068,No
fbahceninkizii,No
racondozu,No
atam_1920,No
rmysaduman,Yes
kgm_musavir0006,Yes
nakamolove,No
fathceng,No
aryapanic,Yes
iso_rap,Yes
doan61154186,No
shacabkeena,No
sati57809107,No
ozguntoplu,No
reallyme00,No
holydejun,No
mukocicek,No
_melek_3451,No
kamupersonel3,No
yuzde70magduru1,Yes
ybmuck,No
biblomagnet,Yes
vefaspor5,No
esra35645507,Yes
kampustenevar,No
lhandirican11,No
nilgunesen1,No
umutkolcu09,No
yasekaman,No
hy371453,No
ahmetyozgatdd,Yes
emma723421,Yes
bayramtuzcu4,No
balporsugu3434,No
ozzybasket,No
aliyilm06317609,No
incorrectracer,No
oinone_life,No
prahsa,Yes
urfmahmut,Yes
furkanavci7,No
eyt975,No
besomebcdy,No
kara_kenan98,Yes
quaresmateminat,No
nuriural2,No
serap_19077,No
deryabuyukuncu,No
cptmorst,No
aksengul47,No
ramazangenc28,Yes
buraking61,No
zoti38,No
0nedanc3,No
yilmaztrk17,Yes
laislaboonita,No
aslibilgiic,No
aytekince,No
rabiadolgun,Yes
nananax_6,No
mustafa13229060,No
abbbasin,Yes
karimlihuseyn,No
pymmres,No
ciyanevtu,Yes
ahmet54661626,Yes
barbaros032,No
ali74500347,No
mhpbayrampasa1,No
mutluokur,No
mahmuton3,No
azrakaraslan,No
ct_haber,Yes
micrqp_,Yes
corekcibarista,No
sariyusuf83,No
kayaismail80,No
sevgi576,Yes
mehmet290578210,Yes
benbatubey,No
kut_mr,No
asel98703710,Yes
mhmtbhdratik,No
01gulsah38,No
hebeytuki,No
pkm_grup,No
skilicaslan54,No
alpertekinresmi,No
sabancfatma,No
hlfdmr,No
fuatkoktas55,No
sokagintekiri,No
av_ishakgazel,No
___adige,No
mehmetbrksn,No
jenerikk,No
solcugazete,No
puhuleyla961,No
huseyinawci,Yes
ata_turkiye1919,No
ya_resulalla,No
zeugma0027,No
gecekusuderler,No
fazilkisakurek,No
mahmutkurt55,No
haticetuncelll,No
arezzak34,No
dazaiolucamgibi,No
rbursa,No
betlyakut15,Yes
vakfbankgvenli1,Yes
besiktasl_turk,No
kutadgu0,Yes
aynurkym,No
tdsmustafa,No
samedpinarci,No
yanikyer2,No
ctnkyaramazan,Yes
41214727,No
kayanupel,No
elpatronzeljko,No
harunkalayci_,No
nagaijosei,No
tevfikce1,Yes
litpierro,No
incilaygezgin,No
butcharizard,No
uluyaman1,Yes
pandaros06,No
hasanya94828096,No
davam5967,No
gokhansasi,No
emrealt34655743,No
mustafaademirts,No
yagmurizi,No
fdmkzl03,Yes
ceydaakasap,No
cevhertimur,No
lejaehyuna,No
turkiyeyahudisi,No
sahimerdanbudan,No
himmet41838179,No
lncimercan,No
hanacer0640,Yes
torunkani,No
hinnali,No
kaeycl,No
aksam,No
vatan_fedaisi_,Yes
arabiaacann,No
chpeyupsultan,No
mehmete00373711,No
ulusalcomtr,No
guzeyhguzey,Yes
radyolojist17,No
bravoooobravo,No
eliffff25,No
biyikadam2,No
o1kunduz,No
dursuntufekci21,No
sonyon73,No
ehlisunnetyolu_,No
turuncmedya,No
yuksellkucuk,No
mertcanakayyy,No
oguzdurmaz67,Yes
esmaddeemir,No
ozgemiko,No
eylulsu1881,No
erdin1938,No
mryawuz,No
fuatsayl,No
metehanzo,No
yerliuretimy,Yes
mandelinee,No
tumasques,No
philleray,No
luccalocatelli,No
zaltuner48,No
ramazaneles1,No
singledost11,No
aar_kubra,Yes
aeononsense,No
memosehmus,No
meryembasaran7,Yes
leventdemir34,No
nnaltinn,No
mustafa_krks10,No
mustafaaydnli,No
ozgekadircan,No
angelsrtheblack,No
by_mental,No
serkan77turan,No
hudaverdiiscan,Yes
osmnylmzzz35,No
yyagmuralper,No
ozgurozdamar,No
aslihannaydinn,No
buyrunbencavit,Yes
a_olca,No
gecelerin_amiri,No
mehmetcelep_,No
tiredwarriorfb,No
golgedeki94,Yes
tolqacinar,No
faruksarioglu34,Yes
veyselsevinc,No
kaplanmubarek,No
hseyinbaskn17,No
hamzalar78,No
iyipartisecmeni,No
fedaicakmakl,No
aslan_2357,No
lkaya_ayla,Yes
faelnoodles,No
zulal__1453,No
avhamzadag,No
muharrem1089858,No
kemalorkun,No
suleymangumus43,Yes
monaronis,No
mudurnaptunn,No
senolunkocasi,No
onurozkan96,No
yasinulukann,No
muhsinylmz,No
nihalzd87326837,Yes
saintecem,No
ekonomihtcom,No
84c2393849ee40f,No
ademists,No
denizbarisbaran,No
musbey,No
chyunskys,No
05387319822w,Yes
2206_ulas,No
canengince,No
mngnselahattin,No
eczbeyzaatl,Yes
anlikhaberin,No
turan_3858,Yes
omerozyurt06,No
mansurvk,No
m__karaduman_,No
liselilerdeste1,No
mehmetaligrr1,Yes
deryaelis22,Yes
farukdrew,No
vatanozdemir,No
vahapozzkan,No
snlkrsn21,No
savage2643,No
refikaby,No
ksosyolog1,Yes
akranya,No
sonsuzluk_uni,No
turgaybesyildiz,No
n68tarik,No
garafilozof,No
ferhat_polt,Yes
cc17684218,No
abalkaza,No
serpant1,No
orhanayguler047,Yes
kartanesisy,Yes
isimsek1453,No
hasanaliakirol1,Yes
avercanezgn,No
web_blug,No
khzeybekk,No
natycantero5,No
akcadagdh,No
34ins_muh,Yes
knk41su,No
bayram35953376,No
serapakkurttt,No
zzehra_gunes,No
olayurfa,No
turkishindy,No
10mirbey,No
bekirerkan18,No
birgaripsair_98,No
sinan_tytk,Yes
shulisi2,No
ganciomustafa,No
zeynep55918830,Yes
kirkaya5,No
yazili1yorum,No
s_kurtcu,No
ak_asikpasa,Yes
ykmrti,No
_nurrrr1,No
cemedede,No
fvzdy1,No
vybzkartel45,Yes
halilnevzatyet1,No
umutyasinss,No
alemilugat,Yes
ksilazinnese345,No
m_hikmetocakli,No
ebralbyrk,No
ramazan97332850,No
muazzezko6,Yes
daelytwt,No
architjain_99,Yes
loli_morcillo,Yes
farukek99847744,No
ea_c77,Yes
anaparacom,No
muratperin20,No
beyhanark2,No
dronurgundogan,No
borsaray,No
enescik2014,No
yeldagokcan,No
snyyldzz,No
ciiekkiz,No
eematama,No
bdzadzie,No
ahmetka12102878,Yes
ahmeddemir1461,No
erkancete,No
leylimderler,No
aziz_karaparody,No
_atakan_1907,No
dumancan816,No
gloncl57,No
zgozdemercan,No
glsmkarakaya13,Yes
smail41470545,No
deryadklnc,Yes
eudelegationtur,No
iamrabia777,No
sunlightd6,No
hoffmanbrocken,No
kadriyekoc10,Yes
serdarbalcioglu,No
ynmerkezi,No
keklik1907,No
slnyglmz,No
hakikireisci85,Yes
erkanjk1903,No
nermintrvc,Yes
kutlusyhbyz4303,No
holypied,No
sev_arkadas,No
semercierkan89,No
birol_kuscu,No
abcd45190,No
tasarmman,No
merve11476507,Yes
sznyldz59,No
teknikci_,Yes
ibbhabercom,No
jscandiffwow,No
16_murat16_,No
peetitpapillon,No
huseyinozdemirh,No
mehmehhu,No
tamerylmaz12,No
farukolamazz,No
hayal__13,No
mynet,No
tuncisldar,No
ziraatcilermuh,No
66akyz40,No
blackea90234724,No
celaltas2,No
bangtanizimm,Yes
mermaden19,No
mehmeterarslan,No
aydinpost,No
ceroshokuspokus,No
gimjuhu17650220,Yes
pltnvn,No
ercangurkan23,No
gezendokuz,No
ismailb24901231,No
ykslrabi,No
siradandersler,No
arniyiparti,No
cukurnilo,Yes
seha_gul,No
ekofinansguncel,No
3xp0s1t,No
rstemduran,No
emregrb96818206,Yes
hasan54868665,Yes
mine_uluhan,Yes
sayaz38112763,No
gok_budun1,No
buketkaramel06,No
umityenier,Yes
mitbayrak,No
senayalin6,No
metinkk78961408,Yes
mucize_olsunn,No
republicofchild,No
haydar42144792,No
tzifona,No
fatihdemrkol,No
cerensar1903,No
salbasoglumusa,No
mlknrry,Yes
ozkanseyhan_007,No
m_turkdogan,No
hakangul1122,Yes
mhlf_alparslan,No
berkaykoca00,No
mmerbil1,No
sevdamizrte_,Yes
selamin68163653,No
dressman1106,No
smartdomains38,Yes
turkcellhizmet,No
hlkmtn11,No
heromommm,No
zeynepylmazerr,No
millitarihh,No
tarafsiztvcom,No
ultrarrow,No
kamubiz_com,No
otukentulpar,No
bozkaya924,No
ataaxxa,Yes
ozkanatasoy,Yes
2022dikab,No
aysima_53,No
dmroz_,No
zgryalcin16,No
yildizhannilgun,No
rumssk,No
halilnebiler,No
bienjoute,No
fatihmetin,No
bfgsolmaz,No
ademyavuz37,No
tarekaijomaa1,No
halkinadami48,No
sevizperviz,Yes
hakaccu,Yes
semihyorur83,No
yasemin_aydin__,No
blentmusab1,No
turguttoglu,No
kerimali1907,No
cnaviko,No
issiyn,No
dertablasiii,No
turan_sarihan,No
yusuft1111,No
mehmetkarakas05,No
btwquestionmark,No
bayanogretmen4,Yes
demir01rahim,No
kek80332335,Yes
ordualtastv,No
ntasatar,No
08serhaneren,No
yarenselhareket,Yes
ahmetkayachp,No
telliogluyusuf,No
chuuzaisexual,No
zehrangl,No
welayetnews,No
hakanhanozcan,No
yeadinho,No
and_rbu,No
b_askar7,No
ciftciugur_67,No
zaferertas_,No
buse_sabir,No
bar95740398,No
melloscocoa,No
greennorthern,Yes
mlsadynn,No
futbolarena,No
ozenc___,No
avokado200,No
turkeyredvelvet,Yes
_nesatd_,No
sahincan_baytar,No
abbys__3,No
krc1903_,No
raufdeniz,No
muratabas,No
svmlpdanna,No
elmasxq,No
shainasgarli,No
gecemavisind11,No
alysswrld,No
ramazan67726272,No
ragnarreyizz,No
cemaldere8,Yes
turkdnya,No
arzubakir23,No
h_yerlikaya35,No
feridebayaz,No
duranski3,No
aslanankaraa,Yes
servet_horasan,No
bursa4075,Yes
muazzezdemir,Yes
kalkyerineyatt,No
yyposta,No
mehmetmuratpam1,No
tezkabar,No
kahramandir,Yes
metehan89218204,Yes
kaptandav,No
idaykutaydogdu,No
monarosalovinya,No
efrasuu,No
dc_boyblue,No
1adamyazarr,No
hbeybasa,No
edalmaz3,Yes
arma_1925,No
peri85821633,Yes
mukerremgunalp,No
sedatsubasi,No
ibrahimtas21,Yes
dlk46g,No
arahmeedhey,No
ba13aaa,No
kadirsarc1,No
muratkartal14,No
kalbimizmir,No
haberankaracom,No
gurseltekin34,No
ghezzaii,No
alukhan_,Yes
ahmetaygnata4,Yes
tunesofsilence,No
mrtylmz_65,No
sedaacey,Yes
kartalkara3509,Yes
mina_smith,No
rujmujcom,No
ediz174,No
bakowashere,No
muhittinkoan4,No
birmacirderkiii,No
katircioglu5252,Yes
teamfreewillgo,No
ramazan170701,No
memlekethrkt41,No
cengo61265128,No
efearas26120208,No
jjaedoytae,No
mmavidunya,No
kuyumcunasiye,Yes
atanamayanmhe13,No
mikeogeh,No
arzovaone,No
ramazanturmu34,No
kurtulussuer,Yes
mehay97,No
hacer_rte2023,No
birolbykztrk,No
sarlokholmsss,No
derkanlevent,No
yusufyldz3566,No
ahmet4646046,No
dorukvenus,No
otostopcunuzz,No
k72429602mehmet,Yes
slnk_necati,No
izmirlineil,No
hdpyerelyonetim,No
cansaran13,No
denizsoil,No
got7sluv,No
_bayrakugruna,No
senset_glow_,No
armanc34,No
duygukilinc27,Yes
dogru_gorusler,No
35cgty,No
esoyanar,No
hflzs,No
yusufah25835828,Yes
kpersonelalimi,No
isimsizler1961,No
vedmaizskazki,No
kbrazdmr9,No
gulsultan01,Yes
ozmensak,No
rteakak74,Yes
hsyn_uncu,No
jeongsse,No
altayatlay,No
murat20525161,No
fizyojiji,No
nnkyss,No
neconecmi1562,No
35tayfun07,No
arzugunbugun,No
tr_antalya,No
y_krmk,No
lovehot51525376,No
birsensemazen,Yes
mehtap_gibi,No
umitakkurtt,No
fatihka22857957,No
f_s_m_a,Yes
eemreyarar,No
hilybing,No
onbalancemarket,No
ekapi,No
h_iskender61,No
ataogluuuu,Yes
olgunahmet11,No
aliaydogan2023,Yes
andasnebi,No
giresunofc,No
bendeliyimbebek,Yes
sahidinturmak,No
celalge67684054,No
mertoviic,Yes
sevgitakin4,Yes
aydnylm01,No
m_b_quenn,No
asmar54,No
harun889091,Yes
alisahin_56,No
iyipartituzla1,No
ahiaylin12,No
ss_impar,Yes
sleyman2534,No
simuittur,No
sultanbeylibel,No
munewwer76,Yes
mortisssa,No
erkutdogan10,No
beynimex,No
haciomersezer1,No
1bagkur,Yes
amiralcccp,No
hidayet8806,No
wannagate,No
bayburt6967,No
murataltunn1,No
ramazancavdar16,Yes
arenektiren,No
ferhansayim,No
zeynozlem19,No
kndmrcngz,No
damlaaaks,Yes
mycalamityjane,No
cigdem1104,Yes
sahingunes21,No
tr_str61,No
sreyya25999913,No
ekrembozan02,Yes
gnlaydin,No
abartmasananiss,No
adaletmasumiyet,No
senakavsr,No
rabiarte2023,No
kslaa_umut,No
tshirtchu,No
koralsebnem,No
sosyolog_gulsum,No
444tyun,No
nour_1905,No
hanatesss,No
ayhangumuskaya,Yes
sifaozogul,No
iyipartiankara,No
minesagiroglu,No
mehmetmogal63,No
gaspar_mahmut,No
fatihku73736305,No
turbulanslar,No
jenkeral,No
1905erenkayikci,No
rojname_com,No
alco_secil,Yes
kederlivito,No
igdir1903,No
hsn52142,No
vismywinter,No
huseym1991,Yes
nagis0101,Yes
muhammetlker17,No
aliakyildiz58,No
furkannn000001,Yes
__memoz__,No
erdoo0666,No
bkeisarinna,No
aliesen81,No
kerimrota,No
dogandemir41,No
pak09559278,No
alioguz585,Yes
newottoman61,No
hobiankara,No
m3d1n3_0zk,Yes
ramazan98853420,No
cehhen_nemlik,No
deryaytug,No
semrademirdag1,No
ank_kentkonseyi,No
insmuhse,Yes
muslumtopall,No
kieseso19,No
nunucitcit,No
mehmet4536_,Yes
muhammetklss,No
kulvargazetesi,No
sportlovergs,No
meneksetk,No
doetostag,No
dilekde89109504,No
ortouch,No
sevinslk,Yes
mderins1,No
mete69642304,Yes
hakanozkan51,No
temsinerez1,No
sultan6347,Yes
muce4680,No
gulcantysz,No
nurgncr9,No
bemudas,No
burak_kuruyemci,Yes
trtarafsizhaber,No
ayselcuran,Yes
medihaatesh,No
kerimdurmaz200,No
kayraaaaa06,Yes
saitozcan10,No
schrdin99330895,Yes
dralperim,No
ahmetcigsar,No
ismayiljabiyev,No
mrbbenbusee,No
birsessiz,No
sn_vintagesever,No
blessedraw,No
gazetekuzey,No
ishakmerdo,No
derebeyii1,Yes
ronttgenciii,No
ssapan1,No
marcelochinell4,No
mehmetnecatido3,Yes
anastasios_61,No
animeperest,No
webcimbomorg_,No
sonyasprewell,No
atkmk8,Yes
nihatzt53277497,No
esrabastas,No
nonamebadem34,Yes
h_adalet__,No
damn7130,No
sarasays_rte,No
hsyin20akk,No
quzusry,No
zmbahce,No
brkvn2,No
ddhfggn,No
piyasaninuzmani,No
artukpolat,No
demircii_sevgi,Yes
colcicegimm,No
ankabenselam,No
frkntsb55,Yes
millete_feda,No
tokdemirismet,No
nemrut_pasha,No
cnnnnnnnttt,Yes
gercekkocaeli,No
plakalbumu,No
maviay31502673,Yes
morcivertttttt,No
dagsuleyman1982,No
habpblgc,Yes
sogukoglua,No
adem_hasut,No
bg7823,Yes
samanyo62941741,No
bullsbears2016,No
berkay_kopar,No
gbulutsu,Yes
muzikvetv,No
alakayisormayin,No
_sabanozel,Yes
tanyericn,No
a_cntrk,No
m13579yilmaz,No
delibasaslan,No
hasanca42331750,No
erkanat97462801,Yes
tr__news,No
okann34343434,No
diren_raz_iye,No
xxxguner,No
konus_huseyin,No
mehmetcemilll,No
muttalipozci,No
nadaquarious,No
oktaybaraner,No
zezvasc,No
iyipartiizmir35,No
irfankartal_65,No
genctuti,No
aliinci_54,No
sores_devrim,No
nilfera18960727,No
wiskh,No
malatyalmehmet3,Yes
ebabil58835053,No
haskoy100,Yes
sudea0606,No
kumbarumba1,No
pandispanya33,No
ilhande74791125,No
hakantapan58,No
chetinceviz,No
bbetuus,No
thrhakan,No
edaserrkann,Yes
kadirkarakus080,No
ibrahim85795685,No
segessavas,No
eliferg67060390,No
irin27190868,Yes
sadegulseref,Yes
ohmskyn,No
radyolojikadro,Yes
melahatkap,Yes
pharmacylegacy1,No
ademdem87285331,No
turkiyeden,No
mykuzman,No
uniteroru,No
medineeew,No
masor11masaj,No
kimizbiz14,No
osmanli_tr1453,No
muratadisyon,Yes
oliveiravekilii,Yes
tabrizzeynalov,No
bahtiyaraksoy,Yes
tolgakaranlik,No
omerfarukmazlum,No
kbra2802,Yes
dpindaahouse,No
teklideraslan,No
melkk_c,No
kirik_muhur_25,No
aylin_sultan07,No
cevdet07114537,Yes
71altay,No
uykmvar,No
cocukgelisiimci,No
aydin1507,No
mmuratkilic,No
bulutoguzhan,No
cig_dem____,Yes
tonyukuk0606,No
metin6475685618,No
meltems53163741,Yes
qperiqq,No
alpcemyesil,No
ugrts1905,Yes
jeyzeuz,No
ekremyildiz000,No
fedail1907,No
sinanfirat3434,No
piro_amed,No
kevrojorhan,No
dursunuzun33,No
50ahmet50,No
takip4234,Yes
haticea73526573,Yes
mazdagurl1,No
klckalkan1,No
ruyanik13,Yes
siirherif,No
stygian07,No
yinemiyoksun,No
priapos_777,No
omrgrcy1,No
hemailxan,No
dengesizmymne,No
gokhanordu1,No
hereyvatanin14,No
kadir_cuvelek,No
gokay__savas,No
isabwlle_,No
mustafayemisogl,Yes
zazadinho4,No
murat57341,No
orhun_k,No
dewil511,Yes
sfysarikaya,No
tutaste1461,Yes
uur19o7,No
kilazzzv,No
etinolak5,No
erhan69853410,No
ltf50516797,No
glinzpeker,No
dasein09,No
halit28212982,Yes
glstnorel,Yes
gler87589993,No
afanosyevo,No
yk86488664,Yes
tugbademirbag,No
yobaz_avci,No
dr_ulukan,No
nigirlg,No
lk57461497,Yes
emreeyilmzz,No
sukretta,No
yksel_gne,Yes
borsagundem,No
gizemdilana,No
23_04_1920,No
eluminem,No
aysekiraz96,No
tuncdiyattin,Yes
vahityavuz48,No
mehmetbugrauzn,No
tusebgovtr,No
mcoban2,No
mustafaca123,No
kulakyiyenfare,No
yasin24054770,Yes
aysoyaziyor,No
ylmzyldz0,No
drfastff,No
sevdakksal13,Yes
erekmekcican,No
sadecebireliff,No
hikmet91697667,No
medyadantr,No
cemrewqy,No
guneydogu0,No
cemazeyn,No
cicikusumm,No
ciftciakan,Yes
smtylmz46,Yes
yaseemioo,No
demirsporlu01x,No
petirduarrrr,Yes
talipme,No
canerxz,No
pdervisogly,Yes
34__zey,No
hulusisenturk,No
glsmatay17,No
kemalay0614,No
drskaptaner,Yes
semihtepe,No
basermehmet,No
prussyas_plus,No
ehbedeniz,No
zulayha07,No
osmankirezli,No
ettoist,No
ferhatk01121882,No
kenandeniz49,No
bilirernecdet,No
fatosguleer,No
tahircelebi44,No
damlacardak,No
para_medi,No
edabayr75567179,Yes
analizbabe,No
fgdmrr,No
gsb_sinop,No
hdr19301664,No
can_suasan,No
godfatherbello,No
tufekcii52,No
adnansenturk464,Yes
ahmet_cnplt,No
ouiouiouiet,No
its0blivi0n,No
yasartemur23,No
fatihstn54,No
mesut95871753,No
kanalsiyasal,No
_mehlika_,No
almzrdvn,No
omerdodanli,No
abitcobannn,Yes
birbaskankara,Yes
mucahitduran,No
betulssenaa,No
m_meselesi,No
awesomem_,No
sasari1231,Yes
callmezberbozan,No
mreezz1,No
melekmanav,No
sevgitekgl,No
necmettinyakar,No
redlineiuke,No
akadirdemirci07,No
ilyas54290469,No
1stolemyhe4rt,No
eminenurblgl,No
ahosgeldim,No
busercbr,No
biglsmaacik,No
olsun_bahar,Yes
jeolog_turk,Yes
xheartofacoward,No
tbegoo,Yes
ltoprak_sumeyye,No
mbattal1453,No
egezelif,No
serapavunduk,No
stefanyesch,No
sef_amca,No
fatihkanylmaz2,No
netflixhelps,No
betltay3,Yes
coutihovekili,No
mehmetyetim63,No
ajitecivciv,No
elcinchn7,No
sosyalsoruml4,No
tokatli_cem_60,Yes
makbule_gursoy,Yes
katmanhalis,No
ilkearslnn,No
zarifbayaan,No
playspor,No
merttas5288,No
canugurcan,No
enverbozyel48,No
hasancelik53,No
____120400,No
mtn0611,No
hasanmpasa,No
doktor_hood,No
nihatsirdar,No
maggiee_22,No
nzlsss,No
teknologbiri,No
archandstuff_,No
tuncayduru8,No
veyselsurgunogl,No
uretimyerli,No
malicey1979,No
esat_oktay58,No
forensicmedmd,No
cengizeseese,No
dadass0606,No
ksurekli,No
ademozgen_1903,No
nehaldeyiimm,No
sinemcftc,No
kbr_sbl,No
nazogenc2023,No
ele_yase,No
captainbaileys1,No
osmnuriyrmglu,No
sadecemiche,No
onurcok77173676,No
firuzeask89,Yes
wedat_guler,No
ardakes38364885,Yes
alpertoprak2921,No
babayaroo35,No
traderxxxxx,No
muhammed_1647,No
aarslanmuhammet,No
adilkorkmazgil,No
barbaylive,No
ymozden,No
2019ombre,No
mustafaalnakla1,No
imamssoon,No
ud93316777,No
61_ssiskender,No
1907crkn,No
vantemagia,No
mstfyn35,No
kadem_izmir,No
samyangel4o,Yes
monsterrortales,No
akyrek2_kadir,Yes
338reklam,No
musicgodjisung,No
1434ersoy,No
seyhunabdullah,No
suslankirsall,No
ondr57,No
zarifekedisi,No
serimsss,Yes
ahmetpacal23,No
fatmabetulde,Yes
muhammetztun3,No
omeremre_k,No
vedat69523947,No
ardadogan3,Yes
kriptoveysi360,No
ansc60,No
enesexv,Yes
outofmoneycall,No
dural54054692,No
larkthebitches,No
caca_bulent,No
demeters4,No
ll23de,No
aleycgln,No
gittigidiy0,Yes
adk180920,No
berkant15878094,Yes
erhanka26703995,Yes
hseying53235792,No
omer3728,No
myfromturkiye,No
halil330734,No
quzmania,No
shadexjk,No
uykucupatatess,No
elmagico409,No
biramettinov,No
ahmettgt1,No
aakyol55,No
ramazancan0071,No
ramazanmerzfon1,Yes
serdalk57,No
kral_insanlar,No
oztrkmnntt,No
gergerliogluof,No
susu18762sls,No
zlemmkya,Yes
veyselguner_,No
yavuzselim1470,No
thekediii,No
mahkumyakini123,No
cozkan07,No
esprens_,Yes
sonmutezili,No
tarkan72121221,No
galaaycan,Yes
diyadinosman,No
babbabuffalo,No
bluedesertly,No
rda1905,No
melliike_,No
eteemre,No
mustafa21834281,No
mohamed14590316,Yes
khaliisia,No
gkhanakrep2,No
t3ehy7ng,No
sevda_2019,No
sahtebuseduygu,No
fatihcengizonak,No
knap029711,No
4relmas40,Yes
bertugctnhly,No
ottoman_yeni,No
serdengectiturk,No
ysfdmr366,No
marti02956561,No
mrvsglk_58,No
asyacivileng,Yes
htatar2,Yes
a_kara34,No
sitres5,No
garibansglkci,No
insmuh3,Yes
mimarhikmetbhrr,Yes
rana97555720,No
asmbzkrt,No
fosmanca,No
seyfiozirmak,No
platon98501555,Yes
_busra_010,Yes
minikayso,No
haticee2627,No
haberfk,No
kevorkterizyan,No
suleymansoylu,Yes
merttahatuva,No
haymehatun7,Yes
aotlgn23,No
bistboga,Yes
ceafb1907,No
frknwar,No
kepenekevrimm,No
bycihan_,No
derya40197273,No
sevgiseren11,No
mellikeelly,No
aslancan2burak,Yes
laapssoz,No
llknurgulmez5,Yes
nazlivatanturk,No
zulkufgelen,No
vahidadiguzel,Yes
malsfbuse,No
cmhatanmak,Yes
hmehmetgunal,No
heohiobda,No
_yusufcoskun,No
serkanerden_,No
murtika_dk,No
turnamisra18,No
atamabekleyenzz,No
omrygt1905,No
sahinkalkan3,No
htctekinatasoy,Yes
sinemucr1,No
revizorgs,No
ibrahmkarahisar,No
zkan82549161,No
metingv47278525,Yes
herseyfb_,No
morning_stars1,No
ssaaaaaaaallk,No
drchemistry8,Yes
spectremt,No
drgl_ozlem,Yes
kanarya2036,No
dike_eirene,No
asilsoylu_emin,No
gaabimoutinho,No
mehmeta59771962,No
aksybnci,Yes
ahtivar,Yes
tcgberk,No
_baypipo,No
b_tncc_41,No
rojdaoguz,No
yusufisl4m,No
salihsanli39,Yes
thebelljar___,No
bonsbunkoo,No
hseyin78168737,No
ilhami_dinc,No
mzeyyenakn,No
gurkan_sevencan,No
zorbey8877,No
tlpg01,No
kgm_cal,Yes
ilknurebil1798,No
mesanazir,No
mehmetcan000244,No
cerisereine,No
buttanes,Yes
doukank06173541,Yes
anlk_7887,No
__ahmetekrem_02,No
crystallsnooww,No
theeconomistia,No
mstfacrdka,No
23yanilmaz,No
harabe10873584,Yes
alathakan,No
aytekingv5xz,No
chr1st8pher,No
emirdokumm,No
pelisilin,No
takkelibey,No
zzekocan,No
oktayrte,Yes
rustem_zeydan,No
aliihsanulu,No
diyetisyen_k,Yes
sondirg27,No
zekasart,No
maydanozz1453,No
hkn46h,No
sevgiizeren,Yes
artistokratkurd,No
1907bros,No
zeynepnediyosun,No
mehmedalidemir_,No
maithestray,No
alpern453shin,No
ilkkan_yilmaz,No
ylcsrk,No
halilkeskin_45,No
urfi_i,No
hazvol6,No
hawre_mohammadi,No
midnight__bird,No
alihanerdoan,No
yz_061,No
tugsemkaosyok,No
yunusakar21,Yes
ilyasaktas53,No
mehmet_ekinci63,No
ekostas3,No
bulentbagci,No
muratkkk18,No
hasangulen1907,No
huzurdogadaa,No
sedaeroglu2016,No
73820407,Yes
dbolat,No
muratbay123,No
ezgitf,No
auraguardians2,Yes
__ak__bursa,Yes
mariapu93960765,No
datastorage123,No
mavileresefer,No
lostromo63,No
baykal_2,No
gulhayat__78,No
fcnbasket,No
sadullahevik9,No
anil_krdnz,No
kadirshnk,Yes
yatagan_l,No
sweetnaziii,No
nurgulsumeyye,No
evrenozdemir29,No
seyityucel06,No
sinanciftci63,No
ebehanim__,No
fatihsultantrm,No
ardahanash,No
borgesyen,No
01_mhp,No
mcbozdag1,No
velatyetikin1,Yes
sahipkiran_zeki,Yes
ateist_dog,No
kadirma32173162,No
marcelinessoul,No
sorgulayan1lik,No
rdvanatalay8,No
capcomcps1,No
gelecek_il,No
talipakyz7,No
berkemi8,No
aysekaya_34,No
milli_1980,Yes
lord__kelkitli,No
urf6392,No
ramazanalptekin,No
tatatsysio,No
17turk17,No
muhammetasln33,Yes
_artemis_ss,No
zekeriy42234460,No
cl_meral,No
yikikbirkiz_,No
hulusi87301671,No
mcihanbeylii,Yes
ozancan72341303,Yes
ataullahhamidi,No
cubuklu01,No
hb260,Yes
571_salih_,No
tugceeseneel,No
ak007yavuz,No
57_mrlgl,No
ademkafadar7,Yes
sahin53929512,No
elseenjoy,No
k_frkn34,Yes
seferalayan17,No
mebenglishticir,Yes
ceryongi,No
yusufcan1299,No
rachel701300,No
oktayyl20229352,Yes
grafikermc,No
mina000007,Yes
dilan_dirayet,No
ferhatgocer,No
ihsanemirgazi,Yes
mehmedzbkr,No
sensi_fb,No
ilhameozturk,No
derelibrahim1,No
alp_demirci6606,No
38erciyesli,No
balkkk1,No
silafanfc,Yes
yeminlideli,No
rockvocal,No
anaiistci,No
seherogretmenn,Yes
unluturknevzat,No
rabiaozbedel,Yes
dadas25baba,Yes
emrullah__guler,No
hacimuftuoglu1,No
hseyin35393680,Yes
naci49711256,Yes
ismailodabas,No
officialkhaleef,Yes
basaklisair,Yes
suleymansavsat1,No
uzeyirdini52,No
1453alo,Yes
metetrkolu5,No
asielaerez,Yes
hakan14538,No
ugurozteke,No
brahim99016404,No
serdar_salman_,No
novorname1,No
necmigucl,Yes
adem6734dkmci,No
destekhes,No
zlatax28,No
gentlem4njack,No
ceyhn_reis,No
mehmetdagtekin_,No
ak_esenlr,Yes
atakan60704473,No
gurongen,No
punkisko,No
sezaisen,No
mustafademircak,No
ceynep9,No
qnuaresma,No
letmethinkthat,No
murat65620446,Yes
cumonk10,Yes
vatanvemillet2,Yes
kavurmacnihat,No
ibrahimreisi,No
hanmdemirhan2,Yes
qatall,No
candanalp,No
osimsek01,Yes
1ahmedaydin,No
irmakbu,No
admkyz,No
bilalyilmaz0651,Yes
vedatyeler_,No
ghamarta2,Yes
rmanbyha,No
englyaar4,No
oerdem42,No
nuranca24805430,No
srkntstn,Yes
mhpsuatyilmaz,No
sancaktim5,Yes
bilalky01,No
rexy_bab,No
55akpartisamsun,No
insanlarkotuu,No
brc_ertly,Yes
byefndii,Yes
fahriadlig,No
serhate08615728,No
altinhanimcim1,No
gkurtolu,No
fxfinans,No
hakkan72,No
quhannywise,No
necatuslu21,Yes
nocontextkonya,No
devapartisi,No
betusbe,No
alien86890243,No
tarkalnca,No
savrungozgenc,No
ozcoban_eda,No
deniz876433,Yes
yunusaydan4,No
adn_gumus,No
alicibo,No
muallimbey2023,Yes
mahirunal,No
ategshhf,No
yhsyusuf2,Yes
yilmazkasikcii,No
iskenderbuyukkv,No
adnanhazardag,No
mahmutb75548301,No
ottoman46631037,Yes
berke_espor,Yes
guncag20,No
sevgiarca4,No
pnarzgl7,Yes
kaynatiyorum,No
bulentsari07,No
sarilaciask07,No
mucayityildizz,No
dejavu0774,Yes
lamar_e97,Yes
cesuryorum,No
galibadunyali,No
1976aydn,No
buraktskrn51,No
invisiblewyvern,No
analizcikurt,No
abdullahtirink,Yes
suatdurmaz2525,Yes
evrim_eva,No
j_antonius_j,No
yakup61oflu,No
tigin5,No
tunamavi,No
smc2159,No
gulmus_ayhan,No
lhangunay5,No
obiwaninkarisi,No
durum__stabil,No
zirve160812,Yes
theholysaint,No
muharremerkek17,No
c_c_c_10,No
_galateam_,No
selmakarakas01,No
fatmanuronan,No
hassancerkez23,No
furkana95294577,Yes
dijitalimam0106,No
furkaningeldii,No
turansim,No
nebaktinhacim,No
mmgyjo,No
radyoloji_00,Yes
biimimar,Yes
mavi07512541,Yes
_vedatkaya2023_,No
vethek3609,No
bbi_bin,No
onurdmr75,No
islektvit,Yes
borsa_dunyasi,No
elitlife2,No
balinahabercisi,Yes
caglayanouz3,Yes
gonulkaraman2,No
egrioturur,No
turan81786917,No
tebdili16,No
uzgunbibeybii,No
kellecahmet1,No
evladifatihan35,No
nimetshnn1,Yes
faruk___411,No
__kurtulus_04,Yes
huseyinmeric01,No
fernweh_d,No
filizker,No
ylmaznay2,No
gokcanovalicom,No
rabbitjungoo,No
zohreakdogann,No
demircimurat533,No
unvandiploma4a,Yes
denizimzs,No
daisykokulum,No
berkaylanbu,No
atabey19853478,No
selinguleeer,No
agazade_8,No
eczemrbyrm,No
mustafa06340591,Yes
a_ssylg,Yes
hbysmutlu,No
sezgin953116371,No
barishann33,No
afrmsdem9072491,No
dimitarivankov1,No
fatmaeylemgngr,Yes
tr__gundem,Yes
nnymphetamine,No
aa_teyithatti,No
nesliha3334,No
northeaster1990,Yes
adaletdishekimi,Yes
hakangunery_,No
uyumlutris,No
onrkrsvglu,No
gsibrahim66,No
lyulet,Yes
ferhat86233651,No
veyiskilinc,No
halildegirmen_,No
cvsesr,Yes
gogce_sevil,No
hulya_yavuz34,No
ellocobielsaa,No
yasarkaba17,Yes
t_ares,No
mavimaviyaka,No
gecessim,No
melike_melikk,No
ikoncuk,No
skaratay021,No
gecedenuykusuz,No
ametdiyebiri,No
halilhotaman,No
mkaradavutt,No
blackbiossom,No
yiitcan29185900,No
__borareis,No
lordsinov,No
itsmeayala,No
canbrownn,No
aytun82997603,No
phantasticum_,No
xxholysmokexx,No
yilmazaygunn,Yes
delidumrul16063,No
garibangarip06,No
cemilezalp1,Yes
cevahirkos,No
ziyaaktan17,Yes
atamalazim,No
dlmn_alper,No
leylaen71205242,No
ysntsntr,No
afumk,No
akkurtlar2553,No
aypa33,No
ayseaye52420558,No
tanerkaraboya,Yes
mertkor94443073,No
pipolu_adam,No
fatihcaakil,No
receparslanogl,No
billurkildaci1,Yes
rdvanar92574202,No
hsanverdi,No
alicinlik,Yes
sadecekhk,No
damla2006umut,Yes
legendloyd,No
sagliksizinicin,No
kaderdmnn,Yes
dokunma_n,Yes
staj_sigortasi,No
gstayfa_4,No
kriptohaberapp,No
behlulamabelul,No
uyilbeimatk,No
yikik1tumblr_,No
kayakayarecep21,Yes
omur33432,No
sanemoktar,No
fuatozen58,No
busucakir,No
remziyetosunhdp,No
spritiualechel,No
assaassinna,No
tvgundemi1,No
sabri_amcatvtr,No
beyzsnz,No
zpcan,Yes
45mali4545,No
metincakmakk,No
yasinkrgz30,Yes
selcuktural,Yes
keziozyurtlu,No
ozgulce_1,No
ysfaliylmaz,No
kurtgs52,No
nazbircann,No
gkbr69572573,No
hayalhanem2023,Yes
zulkarneynmete,Yes
hasanoglu_lmaz,No
kadir197777,No
gurozturk,No
biner_mesut2767,No
mustafa615449,No
incedenlaikbey,No
ayazunal44,No
cryhaziran,No
zelihaaa21,No
albayin_oglu_07,Yes
nihal_ery7,No
glmeva4,Yes
hengniverse,No
brunolocutor,No
santiofandalus,No
uaregai,No
cel_67,No
turanidmsy,Yes
meryembitmis,No
emrhtimur,Yes
ekremisin,No
__s_n_n__,Yes
haciiiiiiiiii,No
musauygur_tr,No
rozapolattt,No
kaan29299,Yes
ibrahimsediyani,No
lizardontheroad,No
ozurdiile,No
mehmetuzba4,No
__ay___nur_,No
41ulku41,No
turuncu29518610,No
alemicihan2019,No
celikferr,No
sadecemrtyldrm,No
gazetekarinca,No
delalphond,No
fatihcap053,No
celal191919,No
tarcanu1,No
japon__baligii,No
emrahmenevse,No
gocanario,No
criturk,No
zeynepakdg_,No
hasanal78557693,No
restucr01,No
kastamonu1071,Yes
umranalgin,No
galatasaraycmb3,Yes
gtt196,No
aygul_061,No
anismooni,No
merdomerco,No
selami4924,No
fbsavasciruhu,No
kasap_00,No
serkan54535018,No
1071ercan,No
komaner33269618,No
ilhanilhanoglu,Yes
ertugfenerli,No
kybdlnhayatlar,No
hasanhosben,No
yancerr19,No
false9ii,No
betulce_maviss,No
tansucetiner,Yes
ananizbeniim,No
wrd_ayca_fans,Yes
hakan89946527,No
bilerlenmesen,No
acmete,No
grandeabi_,No
bkay_su,No
nurtensahin58,No
volkanafra,No
erakdag63,Yes
orantisizzekka,No
petrichor616161,No
dtsedeff,No
adamuzikyapim,No
omeromerfaruk2,No
muhibban_eco,No
fenerbahcepuma,No
nilay02762138,No
ali_incebay,No
benten0bne,No
muratemin1926,No
fatmabasirr,Yes
harunhiz,No
sakura_mnewx,No
arikan_mevlit,Yes
afonixy,No
itahsinkhan,No
suksunlub,No
cayistihbarat,No
carpediemmce,No
mevlutozen43,No
srry23gndz,No
zeussss06,No
danielwk07,Yes
ali_celenk10,No
yaamyarcs7,No
ordulkuocaklari,No
muhammedaban16,No
mehmetceylan_,No
zeynepd82442067,No
yorukoglu20233,No
onazi_daaa,No
ramazan85414873,No
vatan1453_,Yes
harungunduz_,No
sks_ankara,No
dear_star001,No
muratozutok01,Yes
sureklidegisiyo,No
semtinmuhabiri,No
bulent19052011,Yes
ggbebeyoda,No
0x1bangtxt,No
nusretp34,No
0lurunabirakti,No
abdulla98023382,No
filiz88802790,Yes
female_soldier1,No
milyasbayindir,No
lilytheelt,No
cagdasavsar0675,Yes
haydarfatih37,No
kazdagikoruma,No
servett_58,Yes
dirierurun,No
radyolog14,No
memispalaz,No
ferdicarrefour,No
eliflia06,No
kenandemir_en,No
alidaylak2023,No
melodik41,No
svlgrgn2,Yes
unsaldogumgunu,No
birlikhabersen,No
mstfkck61,No
akcantahir,Yes
eesraali,No
eremovo,No
i6laur,No
menekemesut1,Yes
hepark_a,No
demirr6_,No
343734,Yes
erengle13932521,Yes
gergindegilimya,No
diziturca1,Yes
wakawakaemre,No
cirkinoglu,No
ikra_2019,No
alisoyl07463510,No
patriot6821,No
luvlris,No
xadijamm,No
571_751_1453_13,No
snlkbrdurumyok2,No
deryaucar1903,No
cumakse01,No
kty_rms,No
rtgulcan,No
burakyasaring,No
kuentinci,No
gundogdumist,No
ingydeca,No
kocyigit4_bilal,No
passionasc,No
altinayaltinay4,No
nurakso27528533,No
ozgurbasaran,No
cesuryy,No
ndmdmrl,No
worldismybrain,No
erzurumakparti,No
cemmizmr,No
kamusosmani,No
ernsynibrahim,No
tarik23699996,No
respectrights3,No
orhantosik,No
ylmaz57904357,No
ahmetislek42,No
usethebrainx,No
suatarslan81gs,No
sevvalhande,Yes
coinarrow1,No
mercesur16,No
kursadkaratr,No
ahmedalisonmez,No
hbb_ibis,No
mustafaacun35,No
kazikli1voyvoda,No
asdfghjk3443329,No
ay_ev_yiyesi,No
fetikara10,Yes
erdoangkbayrak1,No
karalimz,No
bpthaber,No
kendiiniibilmez,No
akinci_bey1453,Yes
1938_1881_atam,No
sevalgiraydemir,No
elifegenc,Yes
bursayadairhrsy,No
k4rd_andpunk,No
aynur35moonligh,No
gokdemirr11,No
nanbar8090,No
mustafagultak,No
benn__sebnemm_,No
aksutv,No
seymaaltunkaya,No
idal_001,No
ecdadtorunu4066,Yes
tamerakbayr,Yes
devrimzer17ozer,Yes
martinluther_35,No
cilekliatte,No
ronaldoovekili,No
emrekoc32,No
sirburayn,No
kelimeleringiz1,No
still_i_rise_83,No
sadevatandas025,Yes
ersen2301mehmet,No
umut51184741,No
busraatanamadi,Yes
bosyapcamyani,No
muhsinderici5,Yes
mrahatoglu,No
_spektrum,No
berivan11658546,Yes
muazzez31097543,No
jigeumun_,No
eyoksk,No
muratba71166539,No
taciyimdimiben,No
rana30905514,Yes
kartalkustarkan,No
gonenfevzi,No
soneryavuzyilm2,Yes
42_oktay,Yes
kaizesoze,Yes
serkanizmir34,No
zumzumraa,No
grbzgunduz2,No
mehmet46_27,No
kadirray00,No
deonez_,No
mefl0y,No
1903_yusuff,No
munevveray43,No
mehmets09849019,No
oguzhaneray,No
beyza847235971,Yes
nur8129,Yes
fatihkr53524562,No
nseyma_,No
shoy0nan4,No
borsahakemi,No
sadecemericy,No
kuk531,No
diyar_21demir,Yes
7654321tg,No
ozcanozcanozca,No
toprak28655459,No
tc_alpbasi,No
ademksy,No
hamzasolaklar,No
barakgn1071,No
sedatuzmcu,No
joyturk,No
ata4242,No
haberiskelesi,No
pekgzgltekin,No
nefsiyyun,Yes
mahmut_dmrts,Yes
nilsuilgin,No
cemaleli3,No
celiksaban73,No
yagmurkursuncu,No
esinderela3,No
berkbayda,No
eurodolar1980x,No
eminbatur8,Yes
nazliztrk1905,No
murik_mm,No
kursatbavci,No
etkinlikkk2,No
volkan1907_,No
altunay_oktay,No
turgaykandemi17,Yes
serkan777555,No
tugvaistanbul,No
destiny1975,No
garip91337249,Yes
ali190395,No
peralties,No
oznur_pasa,Yes
devrimak1,Yes
btm_eymen,Yes
llmeryy,No
country_erturk,Yes
lawrenmayk,No
ftt818,No
melikeziyagiler,No
torresvekili,No
mehmet04172186,No
mert41212027,Yes
ayse0203m,Yes
gogoadem61,No
hasturkayse,No
ugurswm,No
gnaykutlu2,Yes
kukurtdioksittt,No
tuna76891333,Yes
cilliabdulkadir,Yes
altndagkadn,No
tug_cihangir,No
suatyil45131652,No
61murat34_61,No
ccc_duke_ccc,No
anpanzakis,Yes
kubraucakcioglu,No
dclmlgr,No
akpartidestek2,No
vahyeddin,Yes
hamckadir,No
gonulgokturk,No
asl89813273,Yes
sdfsnckk,No
muharremtahmaz,No
giizemdiyebiri,No
memrahinci,No
selcukmo,No
mengi_imdat,No
ahmet_erozan,No
nsoytan,No
mustafacellt,No
slntrk26,Yes
lazsmz531353,No
inssmuhh,Yes
exonun_li,No
kuvacilar,No
mehmete91057762,No
naimyld04993559,No
onafiko,No
alisere20,No
tomyris_hatun,No
oguzok_,No
habereditor,No
darlamayiin,No
goodgame58,No
kessc_kessc,No
boorrzz,No
yorgunumm4,No
edebiyat10bin,No
korayaydintr,No
guntepegungor,No
yedeklider,No
sametdemirr52,No
bluvays,Yes
hayat1meryem,No
duzyaduz,No
sedef_goker,No
snnyldztr,Yes
refikay9,No
temelaglan2,No
orhanay81247934,No
bayburtludogan,No
ogretmen2022t,No
anka1881____,No
netherw4rt,No
buratura26,Yes
sosyalist_gundm,No
riseofgoddess,No
emir06436231,Yes
mmm3mahoni,No
eytdnzmvs1j,No
trtradyo,No
geceninicinegir,No
5152nigdeli,No
sedaoztrkn,No
cavitaydin15,No
mbiologtugce,No
karahan_ferman,No
fatih56441697,No
meryem6yaprak,No
ebikmuberra,No
2035turkey,No
loveisn0thing,Yes
melekgn04729615,Yes
dyg1907ece,No
yildizim1974,No
voynuk1,No
nevinbozkr,No
aleynasima_,No
mel_hualian,No
hur_yasadim,Yes
meririn35395673,Yes
glykon,No
muttalipcelik5,No
turkhollandali,No
nevvals,No
mehmetimamolu1,No
bayrambagis,No
bassgitaristt,No
sibelsibsz,No
asiyeyl16922262,No
kadro_beklemek,Yes
arzusarbyk1,No
alierz17,Yes
nursuzbuse,No
cerennm_,No
mervecetinfr,No
ozelall,Yes
baydar777,No
ebasarr,No
munezbey,No
kbralperdem,No
beysalmanogluu,No
davamizvar07,Yes
blackpearl0197,No
drswhoran,No
kvserseri,No
fhrttnzcn06,No
akpcocuuu,No
stongostt,No
ducatista34,No
ankaramasasi,No
abdiiaciz,No
hiakkaya,No
bruce_galba,No
hakancaglayan27,Yes
sehmusgulerce,No
emrahtibuk,No
aykuts61,No
paramedik11125,No
rrohaatt,No
goghvanvincentt,No
ozlemmsyl,Yes
aysunarslannnn,No
38fatihyigit,No
hacer_alakese,No
hsynckmk12,Yes
istiqlalturkce,No
alioztrkk6128,No
_antiviruss,No
ahusucol,No
alyertugrul,No
haberinadresi,No
armenpresst,No
tugcebudak1903,No
hhakkikahveci,No
eminkar82232546,No
vildanakilhanli,No
buglem255255,Yes
fenerbahcefan17,No
akaashifav,No
elanuryillmaaz,No
kkampagineuns,No
gurkan_agar,Yes
cokdanickimizde,No
fbilalsener,No
muratyeilimen8,No
dkbetkinlik,Yes
sefali35,No
kronoshaber,No
29mustafaeser,No
pendikakgenclik,No
raven_ist,No
cryptoankara,No
zekiyav69432134,No
erdalulker_,No
owoskxoxksk,No
sibeldemirkol20,No
ecenjw,No
doctorcihan,No
inceselcuk974,No
fatihucartr,No
chp_kritik,No
jakko43ahmet,No
kenanyavuzceo,No
ali_kuru77,No
mer30796143,No
kampupi,No
mehmedamca,No
womanhourly,No
hic_valla,No
benciintears,No
serkanapaydin62,No
ozkayaali69,Yes
adaiet,No
ramazan_zfr06,No
hcelik3535,Yes
ali51653781,No
youngturk0307,No
susmayanogrtmn,Yes
uyum_lu,No
candancll,Yes
mesutcevik,No
nobodypaltry,No
canunal02,No
canannty,No
muammer6969,No
mesutgulecen,No
etkinlik_,Yes
sevoo17748339,No
zahide76509379,Yes
junobom,No
szsende4,No
56abdullah56,No
yildirimariff61,No
muratmutllu,Yes
huseyin12688077,No
ehb1dilan,Yes
chpnihatyesil,No
vaktin__oglu,Yes
apocalyps_as,No
omercobantr,No
kaisenkaiten,No
mustafa86454693,Yes
oalpfatih,No
fatihaltintas41,No
mirzamellh,No
kamilyi44803217,Yes
since1931881,No
ahmetbal8844,Yes
positivistecon,No
serkandenzaan1,No
servetdagasan,No
garyptoyvz,No
edinckol,No
ikbalaytac,No
elazigpalu23,No
geceadam17,No
mkgrmz,No
matematikxxx,Yes
yalcin_yak,No
bubizimkiz,No
yoongilst,No
murat___343454,No
necdet35481567,No
hakanchelik,No
mustafagnlaar6,Yes
eythayal_degil,Yes
yurtsevercelebi,No
yeisnative,No
biyomedikaleng,No
cemoyvat,No
numuram,No
ugurkocturkmen,Yes
ak_hatu,Yes
ayseblck,Yes
tankslapper,No
hakanaydd_99,No
vampirelivehere,No
aliosmankahra14,No
gezer114,No
mustafaa_ergn,No
turkdigitals,No
karatas_evr,No
veysi_35_47,No
ede_46_46,No
fatihezelogluu,No
mehmeto16496468,Yes
nazifelafci,No
trtkurditv,No
fikretsahin10,No
umurumurhan,No
erciyesaslani,Yes
sonay79857444,No
kubrayilmazky,No
t_a_akgn,No
sezgin_kumtepe,No
m95ueen,No
acarvardar,No
hipotenefus,Yes
rukycmn,No
nuh_kemal_,No
csknomeral,Yes
mustafacanbey,No
bangtan_az,No
btsensorium,Yes
rabia_klc61,Yes
gnayyksel,No
nasrtunc1,No
melekka13608018,Yes
feyzioglu_tarik,No
kemalpekoz,No
birsellknur,No
kadirderlerrrr,No
_cheersdarlin_,No
hachachac5,Yes
preweerz,No
mertovic288,No
bernabtnr,No
yusufgencay,No
oncusalihnc11,No
hebunzengin,No
sumeyyaklnc,No
mustafa51133352,No
sarjkablomyok,No
seytahmetercan1,No
tubaguzer_,No
boncuknuur,No
yoon__army,No
rsayaner,No
fizikchi35,No
abiamacne,No
cici1bebee,No
siyahsancak3434,No
grknbln2rte,Yes
ahmet34baki,Yes
kalenedacii,No
karabaht06,No
ebo17555948,No
6778ayan,No
dgaripcan,No
remzi1568,No
mustafa_barna5,Yes
damlamm1453,Yes
ercan_kayabasi,No
inciamakara,No
enayisazanoglu,Yes
tuba4303,Yes
arya_eslem06,Yes
hiamsemih,No
goksmgk,No
oznvr,No
ozen87480450,Yes
kenanguler2,Yes
mustafa_gokce83,No
dery_aks,No
caaglailgin,No
kaptan_bodrumlu,No
mehakfacr58,No
thearisto55,No
altanarslaaan01,No
ozangaziarslan,No
kioziki_,Yes
sagliklicozum,No
eyp75083265,Yes
mustafalaz10,No
sporarena,No
ahmetfa77059902,No
nurglyaman16,Yes
solyanim4141,No
ogrenc_dayansma,No
aliyezsz,Yes
vodkallah,No
elzmgecenzz,No
ozcanpurcu,No
kalemdar,No
bahartobahar565,No
trtnsgnc,No
reishecom,No
gogom24,Yes
nmtlyla1,No
babasebo,No
dyakit_,Yes
volkannarslan,No
kamikaze34,No
hwnagyun,No
kurum_alan,No
ahmetbjk_1903_,No
alioz41525570,No
kenanluck,No
karamahmutcaner,No
bilencennet,No
sadecemeliisaa,No
erdoo67741506,No
saricamkadin,No
dred___,No
bnyaminsarbas,Yes
yakupar87485671,No
alica2789,No
jilethorse,No
adlzhv,No
hedef_20232071,Yes
twitersondakika,No
kelekbek,No
aysemaahin2,No
korelica,No
avarensan,No
hasann1453,No
bilginkiraz,No
havvanuralkn,Yes
baholi7,No
cebar_dag,No
fatih73867436,Yes
_silayilmaz_bs,No
beyahmetim,No
ydogru3400,No
arizali04,No
halilgr48623805,No
sema46403546,No
dunyadanuzaklar,No
ziraatyayla1,Yes
acan83023712,No
mehmeta79650843,Yes
fatos52923251,No
basbughaluk1,No
gogezgor,No
humbaba71245932,No
genel_muhalefet,No
meliha_ttas,No
leadingmirror,No
neoldukripto,No
semihgencer6,No
gncaly21,No
omerbzkrt19,No
sadebirkul13,No
gsb_sirnak,No
ahfaaysegul,No
airdropbukucu,No
inanc1925,No
musaucan33,No
levent34534778,Yes
goklu_rte,Yes
merve0895,No
fevzi_sevgili,No
zifirielif,Yes
ulketv,No
the_legend1907,No
bekrstk,No
komutanlogar89,Yes
forzaaterim,No
elymosby,No
ugur__poyraz,No
sade_soda__,No
hakansaatci5,No
kaya2020se,Yes
unsalmusavirrt,Yes
izmirliusta,No
pervintuba,No
kidultscrt,Yes
mehulbi03567554,No
ozgur__gelecek,No
ummertbuyuk,No
urlsiolmayann,No
arif301170,No
everyshey,No
ozdenozhan2,Yes
mer10657916,No
nurettingkmen,No
veyselsmr,No
selma_olak,Yes
keyifsizzz4,No
_osmanaydogan,No
dml19921,Yes
fencimuallime01,Yes
zwpert,No
kubragulasena,No
abbakhatice,No
nacartahsin,No
avyusufbaser,No
yerlivemilli54,No
albayrakhb,No
mehmetdepremmed,No
ilbilgehatunrt,Yes
glay33278756,No
svnckm,Yes
srkakdogan,No
kzlrmk9058,No
fenerliredkit,No
kodaz_selim,Yes
glshnglshn,No
bjklibirisi,No
mikroskopresm,No
mkald_r,Yes
burcu55420068,No
gulceylan55,No
allisanotalisa,No
mrve24_,Yes
siyaahgriii,No
toruntugay,No
mhp_yildirim,No
tekilalimonsalt,No
sevdamvatan32,No
ebulmevdudi,No
jongdael44,No
kadirari504,No
ouz1357,Yes
hasantursun3,No
nisaerens,No
akreis_23,No
htmdmr,No
ghcresearch_,No
harlancob,No
dogantufan001,No
umitturanusa,No
mehmetk40310518,No
hasabi_hasan,No
yaasn6ok,Yes
olcayto____,No
rburcux,No
velidogansoy,No
yikilmazsoner,No
moonman00730886,No
zeynepakkus,No
yadkerd05,No
galaofcc,No
efe039996781,Yes
yusufkarahan0,No
lucirustam,No
an_candas,No
emrahakman,No
durmuyordeli,No
alper790,No
isleker,No
zerenbayrakci,No
politikyol,No
iyiprtibesiktas,No
murat77863829,No
umut_gurp,No
tarn23451997,No
caykoyki7,No
metin22443687,No
acalyours,No
aarzukly,No
whichmerflowers,No
cszeri,Yes
velicakilkaya1,Yes
afifed1,No
curnatass,No
setenay3434,No
feritaydogan35,No
serkanc82981768,Yes
demircialev1,No
vuysuzum,No
hfarslan,No
awjiweg,No
beytullahkoc92,No
mustafa99727720,No
srpulsy,No
ahmetyildiztr,No
10_kartal_10,No
mehmetfbceylan,Yes
darlaniyorumda,No
utkansa,No
fatime_akhmedli,No
gereginiyapin,No
gencistikbal,No
emrah83273464,No
erol_day,No
senpaiceel,No
muttalip7106,Yes
avaliozkaya,No
dtonderbayramg1,No
meltem90385429,No
mustafareyl,No
syf_kync,No
dr_ayhanozkan,No
mertalk00401441,Yes
ramazanm29,Yes
ahmtatlgn,No
me_mehmetercan,No
t24comtr,No
seungjln8,No
laiksavar5,No
emrekaragzel8,No
ceyhanokan66,No
dasdemirhilmi,No
umutkadirogulla,No
kizilays,No
ali27571989,No
canozturk24,No
caditeyze,Yes
nonfungibletomy,Yes
genclikbirligi,No
anilmasto,No
fehmi60,No
kibrisdetay,No
maslangiry,No
satijashweta,No
mucadelemiz1,No
premiumanxiety,No
elektrikmuhas,Yes
suleymansglm61,No
ahmettsaticii,Yes
haberrotaniz,Yes
birisi_xyz,No
alierkan1976,No
tsunami276,No
bayram03521,Yes
aselarzu9,Yes
cacyasar,Yes
smilenijelo,No
rdf204234,No
babaanne1,No
balialtinova,No
ozgur9125,No
omer252584,Yes
miraytan_,Yes
metehan063419,No
melekdiyebiris2,No
onralpyilmaz,No
benksacabd2,No
zcunar,No
ayhan57207470,No
beincryptotr,No
kuscuylmz,No
suaypbeyaztas,No
yuletavci,No
mnyrz1,No
azrakyncu,No
hasbihane,No
afak77018108,Yes
rukiyeozturkk,No
ilkaydeem,Yes
suprgszcadi,No
berkayaydiin,No
kcbstolga,Yes
boughfffb,No
avoguzhankaya,No
nasuhaalii,No
dedicadet_life,Yes
sporgelecekk,No
sunasahan6,Yes
nocontexthuzurr,No
korkunc73viyan,No
akfcckdmr,No
kadifeulku,No
canglimek2,No
djblumenberg,No
mel1sq,No
eren_yz1,Yes
ergnyildiz4,No
isadal24978794,Yes
